{"cameraMode":{"drawMode":0,"name":"Shaded","section":"Shading Mode"},"sceneLighting":false,"audioPlay":false,"sceneViewState":{"m_AlwaysRefresh":false,"showFog":true,"showSkybox":false,"showFlares":true,"showImageEffects":true,"showParticleSystems":true,"showVisualEffectGraphs":true,"m_FxEnabled":true},"in2DMode":false,"pivot":{"x":-37.400001525878909,"y":3.446168899536133,"z":-33.880001068115237},"rotation":{"x":0.3437832295894623,"y":0.06864672154188156,"z":-0.025224553421139718,"w":0.9362531304359436},"size":12.12435531616211,"orthographic":false}